User Input,Chatbot Response,Timestamp
hey ,"I'm fine, thank you",2025-01-03 22:59:38
what is your name,My name is Chatbot.,2025-01-03 22:59:50
what is your age,My purpose is to assist you,2025-01-03 22:59:55
what is your age,My purpose is to assist you,2025-01-03 23:00:00
How can I make a budget,"A good budgeting strategy is to use the 50/30/20 rule. This means allocating 50% of your income towards essential expenses, 30% towards discretionary expenses, and 20% towards savings and debt repayment.",2025-01-03 23:01:06
who is Abhiraj,My purpose is to assist you,2025-01-03 23:01:17
who is chatbot,I can answer questions and provide assistance,2025-01-03 23:01:24
how are you ,My purpose is to assist you,2025-01-03 23:01:35
What's your favorite movie,"As an AI, I don't watch movies, but I can suggest some popular ones like The Shawshank Redemption, Inception, or The Godfather.",2025-01-03 23:01:59
Tell me about technology,"As an AI, I don't have personal preferences, but there are countless amazing books in various genres. Some popular ones include Harry Potter, To Kill a Mockingbird, and 1984.",2025-01-03 23:02:15
What's your favorite book,"Reading books can broaden your knowledge, enhance creativity, and provide a great way to relax.",2025-01-03 23:02:28
Hi,Hey,2025-01-03 23:04:14
Hello ,"I'm fine, thank you",2025-01-03 23:04:21
Hello,Nothing much,2025-01-03 23:04:28
Hell,Growing a vegetable garden allows you to enjoy fresh produce and connect with nature.,2025-01-03 23:04:32
What is your name,You can call me Chatbot.,2025-01-03 23:04:56
What's your work ,"Reading books can broaden your knowledge, enhance creativity, and provide a great way to relax.",2025-01-03 23:05:12
What's your age ,"Reading books can broaden your knowledge, enhance creativity, and provide a great way to relax.",2025-01-03 23:05:30
Hi,"I'm fine, thank you",2025-01-03 23:05:46
D,Growing a vegetable garden allows you to enjoy fresh produce and connect with nature.,2025-01-03 23:05:50
D,Growing a vegetable garden allows you to enjoy fresh produce and connect with nature.,2025-01-03 23:05:52
D,"Gardening tips include choosing the right plants for your climate, watering properly, and using organic fertilizers.",2025-01-03 23:05:54
Df,"Gardening tips include choosing the right plants for your climate, watering properly, and using organic fertilizers.",2025-01-03 23:05:56
Hii,Growing a vegetable garden allows you to enjoy fresh produce and connect with nature.,2025-01-03 23:06:01
What is science ,"Science is the systematic study of the natural world, aiming to understand phenomena and make discoveries.",2025-01-03 23:06:16
Tell me a positive quote,"Remember, you are strong, resilient, and capable of overcoming challenges.",2025-01-03 23:12:51
Popular virtual assistant applications,Virtual assistants are AI-powered programs that perform tasks and provide information through natural language interaction.,2025-01-03 23:13:28
judo,Growing a vegetable garden allows you to enjoy fresh produce and connect with nature.,2025-01-03 23:21:36
Tell me about judo,All you need to practice judo is a judogi (judo uniform) and a safe mat area for practice.,2025-01-03 23:22:24
Tell me about football,"Football, also known as soccer, is a team sport played with 11 players on each side. The goal is to score by getting the ball into the opposing team's net.",2025-01-03 23:26:17
Tell me about karate,"I may not have personal preferences, but I can help you find movies based on your taste!",2025-01-03 23:26:26
Tell me about karate,"Karate emphasizes precise movements and techniques, often practiced through katas (forms), which makes it distinct from other martial arts.",2025-01-03 23:28:27
Tell me about karate,"Karate is a Japanese martial art focusing on self-defense, discipline, and striking techniques using punches, kicks, and blocks.",2025-01-03 23:28:30
edunet ,The purpose of Edunet Foundation is to bridge the gap between academic knowledge and industry skills through hands-on learning and workshops.,2025-01-03 23:33:52
hey,Nothing much,2025-01-03 23:34:25
